{
  "drawer": {
    "part1": {
      "axis": [
        -0.9699554264606676,
        0.24136258527476112,
        0.03050529640878885
      ],
      "pivot": [
        -1.2641574403942741
      ]
    },
    "part2": {
      "axis": [
        -0.9726231375061055,
        0.23167758993075527,
        0.01815837855250122
      ],
      "pivot": [
        -1.2160491255185297
      ]
    }
  },
  "sink": {
    "part1": {
      "axis": [
        0.0121601132484057,
        0.0017025923872497498,
        0.9999246135709179
      ],
      "pivot": [
        0.28317268787878447,
        -1.1464917565288855,
        0.8635491772707187
      ]
    },
    "part2": {
      "axis": [
        0.01177131171044412,
        -0.0042335389943172754,
        0.9999217536228521
      ],
      "pivot": [
        -0.5707764377445012,
        -0.9441286545618219,
        0.8590020564790779
      ]
    }
  },
  "refrigerator": {
    "part1": {
      "axis": [
        0.01788863221964808,
        0.012415590237664673,
        0.9997628968692329
      ],
      "pivot": [
        0.4024989319200156,
        -1.101714646746784,
        1.1188851159133224
      ]
    },
    "part2": {
      "axis": [
        0.01788863221964808,
        0.012415590237664673,
        0.9997628968692329
      ],
      "pivot": [
        0.4024989319200156,
        -1.101714646746784,
        1.1188851159133224
      ]
    }
  },
  "trashbin": {
    "part1": {
      "axis": [
        0.2746011119244068,
        0.9613391521115863,
        -0.020524715521934734
      ],
      "pivot": [
        1.7280650897144219,
        -0.07228743505195524,
        0.9061628436075134
      ]
    }
  },
  "washingmachine": {
    "part1": {
      "axis": [
        0.0003821802537565753,
        -0.006167403739442741,
        -1.000273042818294
      ],
      "pivot": [
        -1.3175141265603925,
        -0.7039830691366727,
        0.4356351380664234
      ]
    }
  },
  "gasstove": {
    "part1": {
      "axis": [
        0.2467744987523668,
        0.9686445420168744,
        -0.028811421111046627
      ],
      "pivot": [
        -0.7761289668579454,
        -0.8340818809304258,
        0.8162362306675532
      ]
    },
    "part2": {
      "axis": [
        0.25050420534620654,
        0.9676666263530819,
        -0.02947784500791835
      ],
      "pivot": [
        -1.0652522764791454,
        -0.7575179180413878,
        0.8188148762751943
      ]
    }
  },
  "microwave": {
    "part1": {
      "axis": [
        -0.007514009805389804,
        -0.025280535801385957,
        -1.6809077628758222
      ],
      "pivot": [
        0.8236774045903188,
        -1.3101436840048823,
        1.3831174749755284
      ]
    }
  },
  "laptop": {
    "part1": {
      "axis": [
        0.9605280568177289,
        4.216347987618798,
        -0.06648268339390938
      ],
      "pivot": [
        1.0407006920922948,
        -2.9401135917098697,
        0.783908194474268
      ]
    }
  }
}