{
  "drawer": {
    "part1": {
      "axis": [
        -0.8588028693571086,
        -0.00946019297345899,
        -0.5122188363706494
      ],
      "pivot": [
        0.10756733590642843
      ]
    },
    "part2": {
      "axis": [
        -0.8648810775361201,
        0.0010988751708692235,
        -0.5019756111538872
      ],
      "pivot": [
        0.16000230530987383
      ]
    }
  },
  "refrigerator": {
    "part1": {
      "axis": [
        0.529561429306864,
        0.053152541384484144,
        0.8466046892941487
      ],
      "pivot": [
        0.585,
        0.228,
        0.2958
      ]
    },
    "part2": {
      "axis": [
        0.529561429306864,
        0.053152541384484144,
        0.8466046892941487
      ],
      "pivot": [
        0.585,
        0.228,
        0.2958
      ]
    }
  },
  "washingmachine": {
    "part1": {
      "axis": [
        -0.7807595133781433,
        -0.06500383466482162,
        0.6219111084938049
      ],
      "pivot": [
        -0.17421495914459229,
        -0.20119653642177582,
        -0.24751949310302734
      ]
    }
  },
  "gasstove": {
    "part1": {
      "axis": [
        0.03967991591025114,
        -0.9842499538313702,
        0.17227168268842444
      ],
      "pivot": [
        0.118917,
        -0.238991,
        0.163482
      ]
    },
    "part2": {
      "axis": [
        0.04274325218622727,
        -0.983703434588261,
        0.17464411576633077
      ],
      "pivot": [
        -0.142084,
        -0.276986,
        0.0224294
      ]
    }
  },
  "microwave": {
    "part1": {
      "axis": [
        -1.2761681079864502,
        0.33918681740760803,
        1.0404295921325684
      ],
      "pivot": [
        0.06971579045057297,
        -0.2857133150100708,
        -0.022020254284143448
      ]
    }
  },
  "laptop": {
    "part1": {
      "axis": [
        -2.04838490486145,
        1.642666220664978,
        3.4366250038146973
      ],
      "pivot": [
        1.6836799383163452,
        -1.232885718345642,
        -2.815009832382202
      ]
    }
  }
}