{
	"class_name" : "PinholeCameraParameters",
	"extrinsic" : 
	[
		-0.99887513059688471,
		-0.027694971052560507,
		0.038489765567673612,
		0.0,
		-0.047359100181456358,
		0.54220731064392769,
		-0.83890902242989507,
		0.0,
		0.00236412881616422,
		-0.83978820000204657,
		-0.54290900713863954,
		0.0,
		0.58391880628339976,
		0.77441967161622205,
		0.72584734476323176,
		1.0
	],
	"intrinsic" : 
	{
		"height" : 1011,
		"intrinsic_matrix" : 
		[
			875.55168322606755,
			0.0,
			0.0,
			0.0,
			875.55168322606755,
			0.0,
			926.5,
			505.0,
			1.0
		],
		"width" : 1854
	},
	"version_major" : 1,
	"version_minor" : 0
}